concurrency,[Python] dask
0,0.000338
1,0.023996
2,0.021518
