concurrency,[C] OpenMP
0,0.000008
1,0.000306
2,0.000250
