concurrency,[Go]
0,0.000003
1,0.000127
2,0.000054
