concurrency,[Python] joblib
0,0.000335
1,0.001040
2,0.420633
